a	34	n	as	3
a	34	n	as	3
a	34	n	as	3
a	34	n	as	3
a	34	n	as	3
a	34	n	as	3
a	34	n	as	3
a	34	n	as	3
a	34	n	as	3
a	34	n	as	3
a	34	n	as	3
a	34	n	as	3
a	34	n	as	3
a	34	n	as	3
a	34	n	as	3
a	34	n	as	3
a	34	n	as	3
a	34	n	as	3
a	34	n	as	3
about	7	r	some	17
about	7	r	some	17
about	7	r	some	17
about	7	r	some	17
about	7	r	some	17
about	7	r	some	17
about	7	r	some	17
about	7	r	some	17
about	7	r	some	17
all	3	r	completely	6
all	3	r	completely	6
all	3	r	completely	6
all	3	r	completely	6
all	3	r	completely	6
all	3	r	completely	6
all	3	r	completely	6
amount	2	v	came	2
amount	2	v	came	2
amount	2	v	came	2
amount	2	v	came	2
amount	2	v	came	2
amount	2	v	came	2
amount	2	v	came	2
amount	2	v	came	2
are	2	v	be	242
are	2	v	been	242
are	2	v	being	242
are	2	v	is	242
are	2	v	was	242
are	2	v	were	242
are	2	v	be	242
are	2	v	been	242
are	2	v	being	242
are	2	v	is	242
are	2	v	was	242
are	2	v	were	242
are	2	v	be	242
are	2	v	been	242
are	2	v	being	242
are	2	v	is	242
are	2	v	was	242
are	2	v	were	242
are	2	v	be	242
are	2	v	been	242
are	2	v	being	242
are	2	v	is	242
are	2	v	was	242
are	2	v	were	242
are	2	v	be	242
are	2	v	been	242
are	2	v	being	242
are	2	v	is	242
are	2	v	was	242
are	2	v	were	242
are	2	v	be	242
are	2	v	been	242
are	2	v	being	242
are	2	v	is	242
are	2	v	was	242
are	2	v	were	242
are	2	v	be	242
are	2	v	been	242
are	2	v	being	242
are	2	v	is	242
are	2	v	was	242
are	2	v	were	242
are	2	v	be	242
are	2	v	been	242
are	2	v	being	242
are	2	v	is	242
are	2	v	was	242
are	2	v	were	242
are	2	v	be	242
are	2	v	been	242
are	2	v	being	242
are	2	v	is	242
are	2	v	was	242
are	2	v	were	242
are	2	v	be	242
are	2	v	been	242
are	2	v	being	242
are	2	v	is	242
are	2	v	was	242
are	2	v	were	242
are	2	v	be	242
are	2	v	been	242
are	2	v	being	242
are	2	v	is	242
are	2	v	was	242
are	2	v	were	242
are	2	v	be	242
are	2	v	been	242
are	2	v	being	242
are	2	v	is	242
are	2	v	was	242
are	2	v	were	242
are	2	v	be	242
are	2	v	been	242
are	2	v	being	242
are	2	v	is	242
are	2	v	was	242
are	2	v	were	242
are	2	v	be	242
are	2	v	been	242
are	2	v	being	242
are	2	v	is	242
are	2	v	was	242
are	2	v	were	242
are	2	v	be	242
are	2	v	been	242
are	2	v	being	242
are	2	v	is	242
are	2	v	was	242
are	2	v	were	242
are	2	v	be	242
are	2	v	been	242
are	2	v	being	242
are	2	v	is	242
are	2	v	was	242
are	2	v	were	242
are	2	v	be	242
are	2	v	been	242
are	2	v	being	242
are	2	v	is	242
are	2	v	was	242
are	2	v	were	242
are	2	v	be	242
are	2	v	been	242
are	2	v	being	242
are	2	v	is	242
are	2	v	was	242
are	2	v	were	242
are	2	v	be	242
are	2	v	been	242
are	2	v	being	242
are	2	v	is	242
are	2	v	was	242
are	2	v	were	242
are	2	v	be	264
are	2	v	been	264
are	2	v	being	264
are	2	v	is	264
are	2	v	lived	264
are	2	v	living	264
are	2	v	was	264
are	2	v	were	264
are	2	v	be	264
are	2	v	been	264
are	2	v	being	264
are	2	v	is	264
are	2	v	lived	264
are	2	v	living	264
are	2	v	was	264
are	2	v	were	264
are	2	v	be	242
are	2	v	been	242
are	2	v	being	242
are	2	v	is	242
are	2	v	was	242
are	2	v	were	242
are	2	v	be	242
are	2	v	been	242
are	2	v	being	242
are	2	v	is	242
are	2	v	was	242
are	2	v	were	242
are	2	v	be	242
are	2	v	been	242
are	2	v	being	242
are	2	v	is	242
are	2	v	was	242
are	2	v	were	242
as	3	n	a	34
as	3	n	a	34
as	3	n	a	34
as	3	n	a	34
as	3	n	a	34
as	3	n	a	34
as	3	n	a	34
as	3	n	a	34
as	3	n	a	34
as	3	n	a	34
as	3	n	a	34
as	3	n	a	34
as	3	n	a	34
as	3	n	a	34
as	3	n	a	34
as	3	n	a	34
as	3	n	a	34
as	3	n	a	34
as	3	n	a	34
away	2	r	by	2
away	2	r	by	2
away	2	r	by	2
be	20	v	are	224
be	20	v	been	224
be	20	v	being	224
be	20	v	is	224
be	20	v	was	224
be	20	v	were	224
be	20	v	are	224
be	20	v	been	224
be	20	v	being	224
be	20	v	is	224
be	20	v	was	224
be	20	v	were	224
be	20	v	are	224
be	20	v	been	224
be	20	v	being	224
be	20	v	is	224
be	20	v	was	224
be	20	v	were	224
be	20	v	are	224
be	20	v	been	224
be	20	v	being	224
be	20	v	is	224
be	20	v	was	224
be	20	v	were	224
be	20	v	are	224
be	20	v	been	224
be	20	v	being	224
be	20	v	is	224
be	20	v	was	224
be	20	v	were	224
be	20	v	are	224
be	20	v	been	224
be	20	v	being	224
be	20	v	is	224
be	20	v	was	224
be	20	v	were	224
be	20	v	are	224
be	20	v	been	224
be	20	v	being	224
be	20	v	is	224
be	20	v	was	224
be	20	v	were	224
be	20	v	are	224
be	20	v	been	224
be	20	v	being	224
be	20	v	is	224
be	20	v	was	224
be	20	v	were	224
be	20	v	are	224
be	20	v	been	224
be	20	v	being	224
be	20	v	is	224
be	20	v	was	224
be	20	v	were	224
be	20	v	are	224
be	20	v	been	224
be	20	v	being	224
be	20	v	is	224
be	20	v	was	224
be	20	v	were	224
be	20	v	are	224
be	20	v	been	224
be	20	v	being	224
be	20	v	is	224
be	20	v	was	224
be	20	v	were	224
be	20	v	are	224
be	20	v	been	224
be	20	v	being	224
be	20	v	is	224
be	20	v	was	224
be	20	v	were	224
be	20	v	are	224
be	20	v	been	224
be	20	v	being	224
be	20	v	is	224
be	20	v	was	224
be	20	v	were	224
be	20	v	are	224
be	20	v	been	224
be	20	v	being	224
be	20	v	is	224
be	20	v	was	224
be	20	v	were	224
be	20	v	are	224
be	20	v	been	224
be	20	v	being	224
be	20	v	is	224
be	20	v	was	224
be	20	v	were	224
be	20	v	are	224
be	20	v	been	224
be	20	v	being	224
be	20	v	is	224
be	20	v	was	224
be	20	v	were	224
be	20	v	are	224
be	20	v	been	224
be	20	v	being	224
be	20	v	is	224
be	20	v	was	224
be	20	v	were	224
be	20	v	are	224
be	20	v	been	224
be	20	v	being	224
be	20	v	is	224
be	20	v	was	224
be	20	v	were	224
be	20	v	are	224
be	20	v	been	224
be	20	v	being	224
be	20	v	is	224
be	20	v	was	224
be	20	v	were	224
be	20	v	are	246
be	20	v	been	246
be	20	v	being	246
be	20	v	is	246
be	20	v	lived	246
be	20	v	living	246
be	20	v	was	246
be	20	v	were	246
be	20	v	are	246
be	20	v	been	246
be	20	v	being	246
be	20	v	is	246
be	20	v	lived	246
be	20	v	living	246
be	20	v	was	246
be	20	v	were	246
be	20	v	are	224
be	20	v	been	224
be	20	v	being	224
be	20	v	is	224
be	20	v	was	224
be	20	v	were	224
be	20	v	are	224
be	20	v	been	224
be	20	v	being	224
be	20	v	is	224
be	20	v	was	224
be	20	v	were	224
be	20	v	are	224
be	20	v	been	224
be	20	v	being	224
be	20	v	is	224
be	20	v	was	224
be	20	v	were	224
been	17	v	are	227
been	17	v	be	227
been	17	v	being	227
been	17	v	is	227
been	17	v	was	227
been	17	v	were	227
been	17	v	are	227
been	17	v	be	227
been	17	v	being	227
been	17	v	is	227
been	17	v	was	227
been	17	v	were	227
been	17	v	are	227
been	17	v	be	227
been	17	v	being	227
been	17	v	is	227
been	17	v	was	227
been	17	v	were	227
been	17	v	are	227
been	17	v	be	227
been	17	v	being	227
been	17	v	is	227
been	17	v	was	227
been	17	v	were	227
been	17	v	are	227
been	17	v	be	227
been	17	v	being	227
been	17	v	is	227
been	17	v	was	227
been	17	v	were	227
been	17	v	are	227
been	17	v	be	227
been	17	v	being	227
been	17	v	is	227
been	17	v	was	227
been	17	v	were	227
been	17	v	are	227
been	17	v	be	227
been	17	v	being	227
been	17	v	is	227
been	17	v	was	227
been	17	v	were	227
been	17	v	are	227
been	17	v	be	227
been	17	v	being	227
been	17	v	is	227
been	17	v	was	227
been	17	v	were	227
been	17	v	are	227
been	17	v	be	227
been	17	v	being	227
been	17	v	is	227
been	17	v	was	227
been	17	v	were	227
been	17	v	are	227
been	17	v	be	227
been	17	v	being	227
been	17	v	is	227
been	17	v	was	227
been	17	v	were	227
been	17	v	are	227
been	17	v	be	227
been	17	v	being	227
been	17	v	is	227
been	17	v	was	227
been	17	v	were	227
been	17	v	are	227
been	17	v	be	227
been	17	v	being	227
been	17	v	is	227
been	17	v	was	227
been	17	v	were	227
been	17	v	are	227
been	17	v	be	227
been	17	v	being	227
been	17	v	is	227
been	17	v	was	227
been	17	v	were	227
been	17	v	are	227
been	17	v	be	227
been	17	v	being	227
been	17	v	is	227
been	17	v	was	227
been	17	v	were	227
been	17	v	are	227
been	17	v	be	227
been	17	v	being	227
been	17	v	is	227
been	17	v	was	227
been	17	v	were	227
been	17	v	are	227
been	17	v	be	227
been	17	v	being	227
been	17	v	is	227
been	17	v	was	227
been	17	v	were	227
been	17	v	are	227
been	17	v	be	227
been	17	v	being	227
been	17	v	is	227
been	17	v	was	227
been	17	v	were	227
been	17	v	are	227
been	17	v	be	227
been	17	v	being	227
been	17	v	is	227
been	17	v	was	227
been	17	v	were	227
been	17	v	are	227
been	17	v	be	227
been	17	v	being	227
been	17	v	is	227
been	17	v	was	227
been	17	v	were	227
been	17	v	are	249
been	17	v	be	249
been	17	v	being	249
been	17	v	is	249
been	17	v	lived	249
been	17	v	living	249
been	17	v	was	249
been	17	v	were	249
been	17	v	are	249
been	17	v	be	249
been	17	v	being	249
been	17	v	is	249
been	17	v	lived	249
been	17	v	living	249
been	17	v	was	249
been	17	v	were	249
been	17	v	are	227
been	17	v	be	227
been	17	v	being	227
been	17	v	is	227
been	17	v	was	227
been	17	v	were	227
been	17	v	are	227
been	17	v	be	227
been	17	v	being	227
been	17	v	is	227
been	17	v	was	227
been	17	v	were	227
been	17	v	are	227
been	17	v	be	227
been	17	v	being	227
been	17	v	is	227
been	17	v	was	227
been	17	v	were	227
being	45	v	are	199
being	45	v	be	199
being	45	v	been	199
being	45	v	is	199
being	45	v	was	199
being	45	v	were	199
being	45	v	are	199
being	45	v	be	199
being	45	v	been	199
being	45	v	is	199
being	45	v	was	199
being	45	v	were	199
being	45	v	are	199
being	45	v	be	199
being	45	v	been	199
being	45	v	is	199
being	45	v	was	199
being	45	v	were	199
being	45	v	are	199
being	45	v	be	199
being	45	v	been	199
being	45	v	is	199
being	45	v	was	199
being	45	v	were	199
being	45	v	are	199
being	45	v	be	199
being	45	v	been	199
being	45	v	is	199
being	45	v	was	199
being	45	v	were	199
being	45	v	are	199
being	45	v	be	199
being	45	v	been	199
being	45	v	is	199
being	45	v	was	199
being	45	v	were	199
being	45	v	are	199
being	45	v	be	199
being	45	v	been	199
being	45	v	is	199
being	45	v	was	199
being	45	v	were	199
being	45	v	are	199
being	45	v	be	199
being	45	v	been	199
being	45	v	is	199
being	45	v	was	199
being	45	v	were	199
being	45	v	are	199
being	45	v	be	199
being	45	v	been	199
being	45	v	is	199
being	45	v	was	199
being	45	v	were	199
being	45	v	are	199
being	45	v	be	199
being	45	v	been	199
being	45	v	is	199
being	45	v	was	199
being	45	v	were	199
being	45	v	are	199
being	45	v	be	199
being	45	v	been	199
being	45	v	is	199
being	45	v	was	199
being	45	v	were	199
being	45	v	are	199
being	45	v	be	199
being	45	v	been	199
being	45	v	is	199
being	45	v	was	199
being	45	v	were	199
being	45	v	are	199
being	45	v	be	199
being	45	v	been	199
being	45	v	is	199
being	45	v	was	199
being	45	v	were	199
being	45	v	are	199
being	45	v	be	199
being	45	v	been	199
being	45	v	is	199
being	45	v	was	199
being	45	v	were	199
being	45	v	are	199
being	45	v	be	199
being	45	v	been	199
being	45	v	is	199
being	45	v	was	199
being	45	v	were	199
being	45	v	are	199
being	45	v	be	199
being	45	v	been	199
being	45	v	is	199
being	45	v	was	199
being	45	v	were	199
being	45	v	are	199
being	45	v	be	199
being	45	v	been	199
being	45	v	is	199
being	45	v	was	199
being	45	v	were	199
being	45	v	are	199
being	45	v	be	199
being	45	v	been	199
being	45	v	is	199
being	45	v	was	199
being	45	v	were	199
being	45	v	are	199
being	45	v	be	199
being	45	v	been	199
being	45	v	is	199
being	45	v	was	199
being	45	v	were	199
being	45	v	are	221
being	45	v	be	221
being	45	v	been	221
being	45	v	is	221
being	45	v	lived	221
being	45	v	living	221
being	45	v	was	221
being	45	v	were	221
being	45	v	are	221
being	45	v	be	221
being	45	v	been	221
being	45	v	is	221
being	45	v	lived	221
being	45	v	living	221
being	45	v	was	221
being	45	v	were	221
being	45	v	are	199
being	45	v	be	199
being	45	v	been	199
being	45	v	is	199
being	45	v	was	199
being	45	v	were	199
being	45	v	are	199
being	45	v	be	199
being	45	v	been	199
being	45	v	is	199
being	45	v	was	199
being	45	v	were	199
being	45	v	are	199
being	45	v	be	199
being	45	v	been	199
being	45	v	is	199
being	45	v	was	199
being	45	v	were	199
but	4	r	just	3
but	4	r	just	3
but	4	r	just	3
but	4	r	just	3
but	4	r	just	3
by	2	r	away	2
by	2	r	away	2
by	2	r	away	2
came	2	v	amount	2
came	2	v	amount	2
came	2	v	amount	2
came	2	v	amount	2
came	2	v	amount	2
came	2	v	amount	2
came	2	v	amount	2
came	2	v	amount	2
came	2	v	did	26
came	2	v	do	26
came	2	v	did	26
came	2	v	do	26
came	2	v	did	26
came	2	v	do	26
came	2	v	did	26
came	2	v	do	26
came	2	v	did	26
came	2	v	do	26
care	2	v	liked	5
care	2	v	liked	5
care	2	v	liked	5
completely	6	r	all	3
completely	6	r	all	3
completely	6	r	all	3
completely	6	r	all	3
completely	6	r	all	3
completely	6	r	all	3
completely	6	r	all	3
cultivate	2	v	cultivated	25
cultivate	2	v	cultivating	25
cultivate	2	v	cultivated	29
cultivate	2	v	cultivating	29
cultivate	2	v	working	29
cultivate	2	v	cultivated	29
cultivate	2	v	cultivating	29
cultivate	2	v	working	29
cultivate	2	v	cultivated	29
cultivate	2	v	cultivating	29
cultivate	2	v	working	29
cultivate	2	v	cultivated	25
cultivate	2	v	cultivating	25
cultivate	2	v	cultivated	25
cultivate	2	v	cultivating	25
cultivate	2	v	cultivated	25
cultivate	2	v	cultivating	25
cultivate	2	v	cultivated	25
cultivate	2	v	cultivating	25
cultivate	2	v	cultivated	25
cultivate	2	v	cultivating	25
cultivate	2	v	cultivated	25
cultivate	2	v	cultivating	25
cultivate	2	v	cultivated	25
cultivate	2	v	cultivating	25
cultivate	2	v	cultivated	25
cultivate	2	v	cultivating	25
cultivate	2	v	cultivated	25
cultivate	2	v	cultivating	25
cultivate	2	v	cultivated	25
cultivate	2	v	cultivating	25
cultivate	2	v	cultivated	25
cultivate	2	v	cultivating	25
cultivated	8	v	cultivate	19
cultivated	8	v	cultivating	19
cultivated	8	v	cultivate	23
cultivated	8	v	cultivating	23
cultivated	8	v	working	23
cultivated	8	v	cultivate	23
cultivated	8	v	cultivating	23
cultivated	8	v	working	23
cultivated	8	v	cultivate	23
cultivated	8	v	cultivating	23
cultivated	8	v	working	23
cultivated	8	v	cultivate	19
cultivated	8	v	cultivating	19
cultivated	8	v	cultivate	19
cultivated	8	v	cultivating	19
cultivated	8	v	cultivate	19
cultivated	8	v	cultivating	19
cultivated	8	v	cultivate	19
cultivated	8	v	cultivating	19
cultivated	8	v	cultivate	19
cultivated	8	v	cultivating	19
cultivated	8	v	cultivate	19
cultivated	8	v	cultivating	19
cultivated	8	v	cultivate	19
cultivated	8	v	cultivating	19
cultivated	8	v	cultivate	19
cultivated	8	v	cultivating	19
cultivated	8	v	cultivate	19
cultivated	8	v	cultivating	19
cultivated	8	v	cultivate	19
cultivated	8	v	cultivating	19
cultivated	8	v	cultivate	19
cultivated	8	v	cultivating	19
cultivating	17	v	cultivate	10
cultivating	17	v	cultivated	10
cultivating	17	v	cultivate	14
cultivating	17	v	cultivated	14
cultivating	17	v	working	14
cultivating	17	v	cultivate	14
cultivating	17	v	cultivated	14
cultivating	17	v	working	14
cultivating	17	v	cultivate	14
cultivating	17	v	cultivated	14
cultivating	17	v	working	14
cultivating	17	v	cultivate	10
cultivating	17	v	cultivated	10
cultivating	17	v	cultivate	10
cultivating	17	v	cultivated	10
cultivating	17	v	cultivate	10
cultivating	17	v	cultivated	10
cultivating	17	v	cultivate	10
cultivating	17	v	cultivated	10
cultivating	17	v	cultivate	10
cultivating	17	v	cultivated	10
cultivating	17	v	cultivate	10
cultivating	17	v	cultivated	10
cultivating	17	v	cultivate	10
cultivating	17	v	cultivated	10
cultivating	17	v	cultivate	10
cultivating	17	v	cultivated	10
cultivating	17	v	cultivate	10
cultivating	17	v	cultivated	10
cultivating	17	v	cultivate	10
cultivating	17	v	cultivated	10
cultivating	17	v	cultivate	10
cultivating	17	v	cultivated	10
did	23	v	do	3
did	23	v	do	3
did	23	v	do	3
did	23	v	do	3
did	23	v	do	3
did	23	v	do	3
did	23	v	do	3
did	23	v	came	5
did	23	v	do	5
did	23	v	came	5
did	23	v	do	5
did	23	v	came	5
did	23	v	do	5
did	23	v	came	5
did	23	v	do	5
did	23	v	came	5
did	23	v	do	5
did	23	v	do	3
did	23	v	do	3
did	23	v	do	3
did	23	v	do	3
did	23	v	do	3
did	23	v	do	3
did	23	v	do	3
did	23	v	do	3
did	23	v	do	3
did	23	v	do	3
did	23	v	do	3
did	23	v	do	3
did	23	v	do	3
did	23	v	do	3
did	23	v	do	3
did	23	v	do	3
did	23	v	do	3
did	23	v	do	3
did	23	v	do	3
did	23	v	do	3
did	23	v	do	3
did	23	v	do	3
did	23	v	do	3
did	23	v	do	3
did	23	v	do	3
did	23	v	do	3
did	23	v	do	3
did	23	v	do	3
do	3	v	did	23
do	3	v	did	23
do	3	v	did	23
do	3	v	did	23
do	3	v	did	23
do	3	v	did	23
do	3	v	did	23
do	3	v	came	25
do	3	v	did	25
do	3	v	came	25
do	3	v	did	25
do	3	v	came	25
do	3	v	did	25
do	3	v	came	25
do	3	v	did	25
do	3	v	came	25
do	3	v	did	25
do	3	v	did	23
do	3	v	did	23
do	3	v	did	23
do	3	v	did	23
do	3	v	did	23
do	3	v	did	23
do	3	v	did	23
do	3	v	did	23
do	3	v	did	23
do	3	v	did	23
do	3	v	did	23
do	3	v	did	23
do	3	v	did	23
do	3	v	did	23
do	3	v	did	23
do	3	v	did	23
do	3	v	did	23
do	3	v	did	23
do	3	v	did	23
do	3	v	did	23
do	3	v	did	23
do	3	v	did	23
do	3	v	did	23
do	3	v	did	23
do	3	v	did	23
do	3	v	did	23
do	3	v	did	23
do	3	v	did	23
exactly	4	r	just	3
exactly	4	r	just	3
exactly	4	r	just	3
feeling	2	v	find	11
feeling	2	v	found	11
feeling	2	v	find	11
feeling	2	v	found	11
find	8	v	found	3
find	8	v	found	3
find	8	v	found	3
find	8	v	found	3
find	8	v	found	3
find	8	v	found	3
find	8	v	found	3
find	8	v	found	3
find	8	v	found	3
find	8	v	found	3
find	8	v	found	3
find	8	v	found	3
find	8	v	found	3
find	8	v	found	3
find	8	v	found	3
find	8	v	found	3
find	8	v	feeling	5
find	8	v	found	5
find	8	v	feeling	5
find	8	v	found	5
find	8	v	found	3
find	8	v	found	3
find	8	v	found	3
find	8	v	found	3
find	8	v	found	3
find	8	v	found	3
find	8	v	found	3
find	8	v	found	3
find	8	v	found	3
find	8	v	found	3
find	8	v	found	3
find	8	v	found	3
find	8	v	found	3
find	8	v	found	3
find	8	v	found	3
find	8	v	found	3
find	8	v	found	3
find	8	v	found	3
find	8	v	found	3
find	8	v	found	3
find	8	v	found	3
find	8	v	found	3
find	8	v	found	3
find	8	v	found	3
find	8	v	found	3
find	8	v	found	3
find	8	v	found	3
found	3	v	find	8
found	3	v	find	8
found	3	v	find	8
found	3	v	find	8
found	3	v	find	8
found	3	v	find	8
found	3	v	find	8
found	3	v	find	8
found	3	v	find	8
found	3	v	find	8
found	3	v	find	8
found	3	v	find	8
found	3	v	find	8
found	3	v	find	8
found	3	v	find	8
found	3	v	find	8
found	3	v	feeling	10
found	3	v	find	10
found	3	v	feeling	10
found	3	v	find	10
found	3	v	find	8
found	3	v	find	8
found	3	v	find	8
found	3	v	find	8
found	3	v	find	8
found	3	v	find	8
found	3	v	find	8
found	3	v	find	8
found	3	v	find	8
found	3	v	find	8
found	3	v	find	8
found	3	v	find	8
found	3	v	find	8
found	3	v	find	8
found	3	v	find	8
found	3	v	find	8
found	3	v	find	8
found	3	v	find	8
found	3	v	find	8
found	3	v	find	8
found	3	v	find	8
found	3	v	find	8
found	3	v	find	8
found	3	v	find	8
found	3	v	find	8
found	3	v	find	8
found	3	v	find	8
gay	132	s	gayer	7
gay	132	s	gayer	7
gay	132	s	gayer	7
gay	132	s	gayer	7
gay	132	s	gayer	7
gay	132	s	gayer	7
gay	132	s	gayer	7
gay	132	s	gayer	7
gay	132	s	gayer	7
gay	132	s	gayer	7
gay	132	s	gayer	7
gay	132	s	gayer	7
gay	132	s	gayer	7
gay	132	s	gayer	7
gay	132	s	gayer	7
gay	132	s	gayer	7
gay	132	s	gayer	7
gay	132	s	gayer	7
gay	132	s	gayer	7
gay	132	s	gayer	7
gayer	7	s	gay	132
gayer	7	s	gay	132
gayer	7	s	gay	132
gayer	7	s	gay	132
gayer	7	s	gay	132
gayer	7	s	gay	132
gayer	7	s	gay	132
gayer	7	s	gay	132
gayer	7	s	gay	132
gayer	7	s	gay	132
gayer	7	s	gay	132
gayer	7	s	gay	132
gayer	7	s	gay	132
gayer	7	s	gay	132
gayer	7	s	gay	132
gayer	7	s	gay	132
gayer	7	s	gay	132
gayer	7	s	gay	132
gayer	7	s	gay	132
gayer	7	s	gay	132
go	5	v	travelling	28
go	5	v	went	28
go	5	v	travelling	28
go	5	v	went	28
go	5	v	travelling	28
go	5	v	went	28
go	5	v	travelling	28
go	5	v	went	28
go	5	v	went	21
go	5	v	went	21
go	5	v	went	21
go	5	v	went	21
go	5	v	went	21
go	5	v	went	21
go	5	v	went	21
go	5	v	went	21
go	5	v	went	21
go	5	v	went	21
go	5	v	went	21
go	5	v	went	21
go	5	v	went	21
go	5	v	went	21
go	5	v	went	21
go	5	v	went	21
go	5	v	went	21
go	5	v	went	21
go	5	v	went	21
go	5	v	went	21
go	5	v	went	21
go	5	v	went	21
go	5	v	went	21
go	5	v	went	25
go	5	v	working	25
go	5	v	went	25
go	5	v	working	25
go	5	v	went	25
go	5	v	working	25
go	5	v	went	25
go	5	v	working	25
go	5	v	went	25
go	5	v	working	25
go	5	v	went	21
go	5	v	went	21
go	5	v	went	21
go	5	v	went	21
go	5	v	went	21
go	5	v	went	21
go	5	v	lived	43
go	5	v	living	43
go	5	v	went	43
go	5	v	lived	43
go	5	v	living	43
go	5	v	went	43
go	5	v	lived	43
go	5	v	living	43
go	5	v	went	43
go	5	v	lived	43
go	5	v	living	43
go	5	v	went	43
go	5	v	lived	43
go	5	v	living	43
go	5	v	went	43
go	5	v	lived	43
go	5	v	living	43
go	5	v	went	43
go	5	v	lived	43
go	5	v	living	43
go	5	v	went	43
go	5	v	lived	43
go	5	v	living	43
go	5	v	went	43
go	5	v	went	21
go	5	v	went	21
go	5	v	went	21
go	5	v	went	21
go	5	v	went	21
go	5	v	went	21
go	5	v	went	21
go	5	v	went	21
go	5	v	went	21
go	5	v	went	21
go	5	v	went	21
go	5	v	went	21
go	5	v	went	21
go	5	v	went	21
go	5	v	went	21
go	5	v	went	21
go	5	v	went	21
go	5	v	went	21
go	5	v	went	21
go	5	v	went	21
go	5	v	went	21
go	5	v	went	21
go	5	v	went	21
go	5	v	went	21
go	5	v	went	21
go	5	v	went	21
go	5	v	went	21
go	5	v	went	21
go	5	v	went	21
go	5	v	went	21
go	5	v	went	21
go	5	v	went	21
go	5	v	went	21
go	5	v	went	21
go	5	v	went	21
go	5	v	went	21
go	5	v	went	21
go	5	v	went	21
go	5	v	went	21
go	5	v	went	21
go	5	v	went	21
go	5	v	went	21
go	5	v	went	21
go	5	v	went	21
go	5	v	went	21
go	5	v	went	21
go	5	v	went	21
go	5	v	went	21
go	5	v	went	21
go	5	v	went	21
had	26	v	have	6
had	26	v	having	6
had	26	v	have	6
had	26	v	having	6
had	26	v	have	6
had	26	v	having	6
had	26	v	have	6
had	26	v	having	6
had	26	v	have	6
had	26	v	having	6
had	26	v	have	6
had	26	v	having	6
had	26	v	have	6
had	26	v	having	6
had	26	v	have	6
had	26	v	having	6
had	26	v	have	6
had	26	v	having	6
had	26	v	have	6
had	26	v	having	6
had	26	v	have	6
had	26	v	having	6
had	26	v	have	6
had	26	v	having	6
had	26	v	have	6
had	26	v	having	6
had	26	v	have	6
had	26	v	having	6
had	26	v	have	6
had	26	v	having	6
had	26	v	have	6
had	26	v	having	6
had	26	v	have	6
had	26	v	having	6
had	26	v	have	6
had	26	v	having	6
had	26	v	have	6
had	26	v	having	6
had	26	v	have	6
had	26	v	having	6
had	26	v	have	6
had	26	v	having	6
had	26	v	have	6
had	26	v	having	6
had	26	v	have	6
had	26	v	having	6
had	26	v	have	6
had	26	v	having	6
had	26	v	have	6
had	26	v	having	6
had	26	v	have	6
had	26	v	having	6
had	26	v	have	6
had	26	v	having	6
had	26	v	have	6
had	26	v	having	6
had	26	v	have	6
had	26	v	having	6
had	26	v	have	6
had	26	v	having	6
had	26	v	have	6
had	26	v	having	6
had	26	v	have	6
had	26	v	having	6
had	26	v	have	6
had	26	v	having	6
had	26	v	have	6
had	26	v	having	6
had	26	v	have	6
had	26	v	having	6
had	26	v	have	6
had	26	v	having	6
had	26	v	have	6
had	26	v	having	6
had	26	v	have	6
had	26	v	having	6
had	26	v	have	6
had	26	v	having	6
had	26	v	have	6
had	26	v	having	6
had	26	v	have	6
had	26	v	having	6
had	26	v	have	6
had	26	v	having	6
had	26	v	have	6
had	26	v	having	6
had	26	v	have	6
had	26	v	having	6
had	26	v	have	6
had	26	v	having	6
had	26	v	have	6
had	26	v	having	6
had	26	v	have	6
had	26	v	having	6
had	26	v	have	6
had	26	v	having	6
had	26	v	have	6
had	26	v	having	6
had	26	v	have	6
had	26	v	having	6
had	26	v	have	6
had	26	v	having	6
had	26	v	have	6
had	26	v	having	6
had	26	v	have	6
had	26	v	having	6
had	26	v	have	6
had	26	v	having	6
had	26	v	have	6
had	26	v	having	6
had	26	v	have	6
had	26	v	having	6
have	4	v	had	28
have	4	v	having	28
have	4	v	had	28
have	4	v	having	28
have	4	v	had	28
have	4	v	having	28
have	4	v	had	28
have	4	v	having	28
have	4	v	had	28
have	4	v	having	28
have	4	v	had	28
have	4	v	having	28
have	4	v	had	28
have	4	v	having	28
have	4	v	had	28
have	4	v	having	28
have	4	v	had	28
have	4	v	having	28
have	4	v	had	28
have	4	v	having	28
have	4	v	had	28
have	4	v	having	28
have	4	v	had	28
have	4	v	having	28
have	4	v	had	28
have	4	v	having	28
have	4	v	had	28
have	4	v	having	28
have	4	v	had	28
have	4	v	having	28
have	4	v	had	28
have	4	v	having	28
have	4	v	had	28
have	4	v	having	28
have	4	v	had	28
have	4	v	having	28
have	4	v	had	28
have	4	v	having	28
have	4	v	had	28
have	4	v	having	28
have	4	v	had	28
have	4	v	having	28
have	4	v	had	28
have	4	v	having	28
have	4	v	had	28
have	4	v	having	28
have	4	v	had	28
have	4	v	having	28
have	4	v	had	28
have	4	v	having	28
have	4	v	had	28
have	4	v	having	28
have	4	v	had	28
have	4	v	having	28
have	4	v	had	28
have	4	v	having	28
have	4	v	had	28
have	4	v	having	28
have	4	v	had	28
have	4	v	having	28
have	4	v	had	28
have	4	v	having	28
have	4	v	had	28
have	4	v	having	28
have	4	v	had	28
have	4	v	having	28
have	4	v	had	28
have	4	v	having	28
have	4	v	had	28
have	4	v	having	28
have	4	v	had	28
have	4	v	having	28
have	4	v	had	28
have	4	v	having	28
have	4	v	had	28
have	4	v	having	28
have	4	v	had	28
have	4	v	having	28
have	4	v	had	28
have	4	v	having	28
have	4	v	had	28
have	4	v	having	28
have	4	v	had	28
have	4	v	having	28
have	4	v	had	28
have	4	v	having	28
have	4	v	had	28
have	4	v	having	28
have	4	v	had	28
have	4	v	having	28
have	4	v	had	28
have	4	v	having	28
have	4	v	had	28
have	4	v	having	28
have	4	v	had	28
have	4	v	having	28
have	4	v	had	28
have	4	v	having	28
have	4	v	had	28
have	4	v	having	28
have	4	v	had	28
have	4	v	having	28
have	4	v	had	28
have	4	v	having	28
have	4	v	had	28
have	4	v	having	28
have	4	v	had	28
have	4	v	having	28
have	4	v	had	28
have	4	v	having	28
have	4	v	had	28
have	4	v	having	28
having	2	v	had	30
having	2	v	have	30
having	2	v	had	30
having	2	v	have	30
having	2	v	had	30
having	2	v	have	30
having	2	v	had	30
having	2	v	have	30
having	2	v	had	30
having	2	v	have	30
having	2	v	had	30
having	2	v	have	30
having	2	v	had	30
having	2	v	have	30
having	2	v	had	30
having	2	v	have	30
having	2	v	had	30
having	2	v	have	30
having	2	v	had	30
having	2	v	have	30
having	2	v	had	30
having	2	v	have	30
having	2	v	had	30
having	2	v	have	30
having	2	v	had	30
having	2	v	have	30
having	2	v	had	30
having	2	v	have	30
having	2	v	had	30
having	2	v	have	30
having	2	v	had	30
having	2	v	have	30
having	2	v	had	30
having	2	v	have	30
having	2	v	had	30
having	2	v	have	30
having	2	v	had	30
having	2	v	have	30
having	2	v	had	30
having	2	v	have	30
having	2	v	had	30
having	2	v	have	30
having	2	v	had	30
having	2	v	have	30
having	2	v	had	30
having	2	v	have	30
having	2	v	had	30
having	2	v	have	30
having	2	v	had	30
having	2	v	have	30
having	2	v	had	30
having	2	v	have	30
having	2	v	had	30
having	2	v	have	30
having	2	v	had	30
having	2	v	have	30
having	2	v	had	30
having	2	v	have	30
having	2	v	had	30
having	2	v	have	30
having	2	v	had	30
having	2	v	have	30
having	2	v	had	30
having	2	v	have	30
having	2	v	had	30
having	2	v	have	30
having	2	v	had	30
having	2	v	have	30
having	2	v	had	30
having	2	v	have	30
having	2	v	had	30
having	2	v	have	30
having	2	v	had	30
having	2	v	have	30
having	2	v	had	30
having	2	v	have	30
having	2	v	had	30
having	2	v	have	30
having	2	v	had	30
having	2	v	have	30
having	2	v	had	30
having	2	v	have	30
having	2	v	had	30
having	2	v	have	30
having	2	v	had	30
having	2	v	have	30
having	2	v	had	30
having	2	v	have	30
having	2	v	had	30
having	2	v	have	30
having	2	v	had	30
having	2	v	have	30
having	2	v	had	30
having	2	v	have	30
having	2	v	had	30
having	2	v	have	30
having	2	v	had	30
having	2	v	have	30
having	2	v	had	30
having	2	v	have	30
having	2	v	had	30
having	2	v	have	30
having	2	v	had	30
having	2	v	have	30
having	2	v	had	30
having	2	v	have	30
having	2	v	had	30
having	2	v	have	30
having	2	v	had	30
having	2	v	have	30
having	2	v	had	30
having	2	v	have	30
home	4	n	place	7
home	4	n	place	7
is	2	v	are	242
is	2	v	be	242
is	2	v	been	242
is	2	v	being	242
is	2	v	was	242
is	2	v	were	242
is	2	v	are	242
is	2	v	be	242
is	2	v	been	242
is	2	v	being	242
is	2	v	was	242
is	2	v	were	242
is	2	v	are	242
is	2	v	be	242
is	2	v	been	242
is	2	v	being	242
is	2	v	was	242
is	2	v	were	242
is	2	v	are	242
is	2	v	be	242
is	2	v	been	242
is	2	v	being	242
is	2	v	was	242
is	2	v	were	242
is	2	v	are	242
is	2	v	be	242
is	2	v	been	242
is	2	v	being	242
is	2	v	was	242
is	2	v	were	242
is	2	v	are	242
is	2	v	be	242
is	2	v	been	242
is	2	v	being	242
is	2	v	was	242
is	2	v	were	242
is	2	v	are	242
is	2	v	be	242
is	2	v	been	242
is	2	v	being	242
is	2	v	was	242
is	2	v	were	242
is	2	v	are	242
is	2	v	be	242
is	2	v	been	242
is	2	v	being	242
is	2	v	was	242
is	2	v	were	242
is	2	v	are	242
is	2	v	be	242
is	2	v	been	242
is	2	v	being	242
is	2	v	was	242
is	2	v	were	242
is	2	v	are	242
is	2	v	be	242
is	2	v	been	242
is	2	v	being	242
is	2	v	was	242
is	2	v	were	242
is	2	v	are	242
is	2	v	be	242
is	2	v	been	242
is	2	v	being	242
is	2	v	was	242
is	2	v	were	242
is	2	v	are	242
is	2	v	be	242
is	2	v	been	242
is	2	v	being	242
is	2	v	was	242
is	2	v	were	242
is	2	v	are	242
is	2	v	be	242
is	2	v	been	242
is	2	v	being	242
is	2	v	was	242
is	2	v	were	242
is	2	v	are	242
is	2	v	be	242
is	2	v	been	242
is	2	v	being	242
is	2	v	was	242
is	2	v	were	242
is	2	v	are	242
is	2	v	be	242
is	2	v	been	242
is	2	v	being	242
is	2	v	was	242
is	2	v	were	242
is	2	v	are	242
is	2	v	be	242
is	2	v	been	242
is	2	v	being	242
is	2	v	was	242
is	2	v	were	242
is	2	v	are	242
is	2	v	be	242
is	2	v	been	242
is	2	v	being	242
is	2	v	was	242
is	2	v	were	242
is	2	v	are	242
is	2	v	be	242
is	2	v	been	242
is	2	v	being	242
is	2	v	was	242
is	2	v	were	242
is	2	v	are	242
is	2	v	be	242
is	2	v	been	242
is	2	v	being	242
is	2	v	was	242
is	2	v	were	242
is	2	v	are	264
is	2	v	be	264
is	2	v	been	264
is	2	v	being	264
is	2	v	lived	264
is	2	v	living	264
is	2	v	was	264
is	2	v	were	264
is	2	v	are	264
is	2	v	be	264
is	2	v	been	264
is	2	v	being	264
is	2	v	lived	264
is	2	v	living	264
is	2	v	was	264
is	2	v	were	264
is	2	v	are	242
is	2	v	be	242
is	2	v	been	242
is	2	v	being	242
is	2	v	was	242
is	2	v	were	242
is	2	v	are	242
is	2	v	be	242
is	2	v	been	242
is	2	v	being	242
is	2	v	was	242
is	2	v	were	242
is	2	v	are	242
is	2	v	be	242
is	2	v	been	242
is	2	v	being	242
is	2	v	was	242
is	2	v	were	242
just	3	r	but	4
just	3	r	but	4
just	3	r	but	4
just	3	r	but	4
just	3	r	but	4
just	3	r	exactly	4
just	3	r	exactly	4
just	3	r	exactly	4
learned	4	v	learning	8
learned	4	v	learning	8
learned	4	v	learning	8
learned	4	v	learning	8
learned	4	v	learning	8
learned	4	v	learning	8
learned	4	v	learning	8
learned	4	v	learning	8
learned	4	v	learning	8
learned	4	v	learning	8
learned	4	v	learning	8
learned	4	v	learning	8
learned	4	v	learning	8
learned	4	v	learning	8
learned	4	v	learning	8
learned	4	v	learning	8
learned	4	v	learning	8
learned	4	v	learning	8
learned	4	v	learning	8
learned	4	v	learning	8
learned	4	v	learning	8
learned	4	v	learning	8
learned	4	v	learning	8
learned	4	v	learning	8
learned	4	v	learning	8
learned	4	v	learning	8
learned	4	v	learning	8
learned	4	v	learning	8
learned	4	v	learning	8
learned	4	v	learning	8
learning	8	v	learned	4
learning	8	v	learned	4
learning	8	v	learned	4
learning	8	v	learned	4
learning	8	v	learned	4
learning	8	v	learned	4
learning	8	v	learned	4
learning	8	v	learned	4
learning	8	v	learned	4
learning	8	v	learned	4
learning	8	v	learned	4
learning	8	v	learned	4
learning	8	v	learned	4
learning	8	v	learned	4
learning	8	v	learned	4
learning	8	v	learned	4
learning	8	v	learned	4
learning	8	v	learned	4
learning	8	v	learned	4
learning	8	v	learned	4
learning	8	v	learned	4
learning	8	v	learned	4
learning	8	v	learned	4
learning	8	v	learned	4
learning	8	v	learned	4
learning	8	v	learned	4
learning	8	v	learned	4
learning	8	v	learned	4
learning	8	v	learned	4
learning	8	v	learned	4
liked	5	v	care	2
liked	5	v	care	2
liked	5	v	care	2
lived	2	v	living	20
lived	2	v	living	20
lived	2	v	living	20
lived	2	v	living	20
lived	2	v	living	20
lived	2	v	go	46
lived	2	v	living	46
lived	2	v	went	46
lived	2	v	go	46
lived	2	v	living	46
lived	2	v	went	46
lived	2	v	go	46
lived	2	v	living	46
lived	2	v	went	46
lived	2	v	go	46
lived	2	v	living	46
lived	2	v	went	46
lived	2	v	go	46
lived	2	v	living	46
lived	2	v	went	46
lived	2	v	go	46
lived	2	v	living	46
lived	2	v	went	46
lived	2	v	go	46
lived	2	v	living	46
lived	2	v	went	46
lived	2	v	go	46
lived	2	v	living	46
lived	2	v	went	46
lived	2	v	living	20
lived	2	v	living	20
lived	2	v	living	20
lived	2	v	living	20
lived	2	v	are	264
lived	2	v	be	264
lived	2	v	been	264
lived	2	v	being	264
lived	2	v	is	264
lived	2	v	living	264
lived	2	v	was	264
lived	2	v	were	264
lived	2	v	are	264
lived	2	v	be	264
lived	2	v	been	264
lived	2	v	being	264
lived	2	v	is	264
lived	2	v	living	264
lived	2	v	was	264
lived	2	v	were	264
lived	2	v	living	20
lived	2	v	living	20
lived	2	v	living	20
lived	2	v	living	20
living	20	v	lived	2
living	20	v	lived	2
living	20	v	lived	2
living	20	v	lived	2
living	20	v	lived	2
living	20	v	go	28
living	20	v	lived	28
living	20	v	went	28
living	20	v	go	28
living	20	v	lived	28
living	20	v	went	28
living	20	v	go	28
living	20	v	lived	28
living	20	v	went	28
living	20	v	go	28
living	20	v	lived	28
living	20	v	went	28
living	20	v	go	28
living	20	v	lived	28
living	20	v	went	28
living	20	v	go	28
living	20	v	lived	28
living	20	v	went	28
living	20	v	go	28
living	20	v	lived	28
living	20	v	went	28
living	20	v	go	28
living	20	v	lived	28
living	20	v	went	28
living	20	v	lived	2
living	20	v	lived	2
living	20	v	lived	2
living	20	v	lived	2
living	20	v	are	246
living	20	v	be	246
living	20	v	been	246
living	20	v	being	246
living	20	v	is	246
living	20	v	lived	246
living	20	v	was	246
living	20	v	were	246
living	20	v	are	246
living	20	v	be	246
living	20	v	been	246
living	20	v	being	246
living	20	v	is	246
living	20	v	lived	246
living	20	v	was	246
living	20	v	were	246
living	20	v	lived	2
living	20	v	lived	2
living	20	v	lived	2
living	20	v	lived	2
man	2	n	men	12
man	2	n	men	12
man	2	n	men	12
man	2	n	men	12
man	2	n	men	12
man	2	n	men	12
man	2	n	men	12
man	2	n	men	12
man	2	n	men	12
man	2	n	men	12
man	2	n	men	12
man	2	n	men	12
man	2	n	men	12
man	2	n	men	12
man	2	n	men	12
man	2	n	men	12
man	2	n	men	12
man	2	n	men	12
man	2	n	men	12
man	2	n	men	12
man	2	n	men	12
man	2	n	men	12
man	2	n	men	12
man	2	n	men	12
man	2	n	men	12
man	2	n	men	12
man	2	n	men	12
man	2	n	men	12
man	2	n	men	12
man	2	n	men	12
man	2	n	men	12
men	12	n	man	2
men	12	n	man	2
men	12	n	man	2
men	12	n	man	2
men	12	n	man	2
men	12	n	man	2
men	12	n	man	2
men	12	n	man	2
men	12	n	man	2
men	12	n	man	2
men	12	n	man	2
men	12	n	man	2
men	12	n	man	2
men	12	n	man	2
men	12	n	man	2
men	12	n	man	2
men	12	n	man	2
men	12	n	man	2
men	12	n	man	2
men	12	n	man	2
men	12	n	man	2
men	12	n	man	2
men	12	n	man	2
men	12	n	man	2
men	12	n	man	2
men	12	n	man	2
men	12	n	man	2
men	12	n	man	2
men	12	n	man	2
men	12	n	man	2
men	12	n	man	2
much	3	r	often	5
much	3	r	often	5
much	3	r	often	5
need	2	v	needing	2
need	2	v	needing	2
need	2	v	needing	2
need	2	v	needing	2
need	2	v	needing	2
need	2	v	needing	2
need	2	v	needing	2
need	2	v	needing	2
need	2	v	needing	2
need	2	v	needing	2
need	2	v	needing	2
need	2	v	needing	2
need	2	v	needing	2
needing	2	v	need	2
needing	2	v	need	2
needing	2	v	need	2
needing	2	v	need	2
needing	2	v	need	2
needing	2	v	need	2
needing	2	v	need	2
needing	2	v	need	2
needing	2	v	need	2
needing	2	v	need	2
needing	2	v	need	2
needing	2	v	need	2
needing	2	v	need	2
often	5	r	much	3
often	5	r	much	3
often	5	r	much	3
one	21	n	ones	3
one	21	n	ones	3
one	21	n	ones	3
one	21	n	ones	3
one	21	n	ones	3
one	21	n	ones	3
one	21	n	ones	3
ones	3	n	one	21
ones	3	n	one	21
ones	3	n	one	21
ones	3	n	one	21
ones	3	n	one	21
ones	3	n	one	21
ones	3	n	one	21
place	7	n	home	4
place	7	n	home	4
said	5	v	say	11
said	5	v	telling	11
said	5	v	told	11
said	5	v	say	11
said	5	v	telling	11
said	5	v	told	11
said	5	v	say	11
said	5	v	telling	11
said	5	v	told	11
said	5	v	say	2
said	5	v	say	2
said	5	v	say	2
said	5	v	say	2
said	5	v	say	2
said	5	v	say	2
said	5	v	say	2
said	5	v	say	11
said	5	v	telling	11
said	5	v	told	11
said	5	v	say	11
said	5	v	telling	11
said	5	v	told	11
said	5	v	say	11
said	5	v	telling	11
said	5	v	told	11
said	5	v	say	11
said	5	v	telling	11
said	5	v	told	11
said	5	v	say	2
said	5	v	say	2
said	5	v	say	2
said	5	v	say	2
said	5	v	say	2
said	5	v	say	2
said	5	v	say	2
said	5	v	say	2
said	5	v	say	2
said	5	v	say	2
said	5	v	say	2
say	2	v	said	14
say	2	v	telling	14
say	2	v	told	14
say	2	v	said	14
say	2	v	telling	14
say	2	v	told	14
say	2	v	said	14
say	2	v	telling	14
say	2	v	told	14
say	2	v	said	5
say	2	v	said	5
say	2	v	said	5
say	2	v	said	5
say	2	v	said	5
say	2	v	said	5
say	2	v	said	5
say	2	v	said	14
say	2	v	telling	14
say	2	v	told	14
say	2	v	said	14
say	2	v	telling	14
say	2	v	told	14
say	2	v	said	14
say	2	v	telling	14
say	2	v	told	14
say	2	v	said	14
say	2	v	telling	14
say	2	v	told	14
say	2	v	said	5
say	2	v	said	5
say	2	v	said	5
say	2	v	said	5
say	2	v	said	5
say	2	v	said	5
say	2	v	said	5
say	2	v	said	5
say	2	v	said	5
say	2	v	said	5
say	2	v	said	5
so	6	r	then	43
so	6	r	then	43
so	6	r	then	43
so	6	r	then	43
some	17	r	about	7
some	17	r	about	7
some	17	r	about	7
some	17	r	about	7
some	17	r	about	7
some	17	r	about	7
some	17	r	about	7
some	17	r	about	7
some	17	r	about	7
stay	10	v	stayed	6
stay	10	v	stayed	6
stay	10	v	stayed	6
stay	10	v	stayed	6
stay	10	v	stayed	6
stay	10	v	stayed	6
stay	10	v	stayed	6
stay	10	v	stayed	6
stay	10	v	stayed	6
stay	10	v	stayed	6
stay	10	v	stayed	6
stay	10	v	stayed	6
stay	10	v	stayed	6
stay	10	v	stayed	6
stay	10	v	stayed	6
stay	10	v	stayed	6
stay	10	v	stayed	6
stay	10	v	stayed	6
stay	10	v	stayed	6
stay	10	v	stayed	6
stay	10	v	stayed	6
stay	10	v	stayed	6
stay	10	v	stayed	6
stay	10	v	stayed	6
stay	10	v	stayed	6
stay	10	v	stayed	6
stay	10	v	stayed	6
stay	10	v	stayed	6
stay	10	v	stayed	6
stay	10	v	stayed	6
stayed	6	v	stay	10
stayed	6	v	stay	10
stayed	6	v	stay	10
stayed	6	v	stay	10
stayed	6	v	stay	10
stayed	6	v	stay	10
stayed	6	v	stay	10
stayed	6	v	stay	10
stayed	6	v	stay	10
stayed	6	v	stay	10
stayed	6	v	stay	10
stayed	6	v	stay	10
stayed	6	v	stay	10
stayed	6	v	stay	10
stayed	6	v	stay	10
stayed	6	v	stay	10
stayed	6	v	stay	10
stayed	6	v	stay	10
stayed	6	v	stay	10
stayed	6	v	stay	10
stayed	6	v	stay	10
stayed	6	v	stay	10
stayed	6	v	stay	10
stayed	6	v	stay	10
stayed	6	v	stay	10
stayed	6	v	stay	10
stayed	6	v	stay	10
stayed	6	v	stay	10
stayed	6	v	stay	10
stayed	6	v	stay	10
telling	7	v	said	9
telling	7	v	say	9
telling	7	v	told	9
telling	7	v	said	9
telling	7	v	say	9
telling	7	v	told	9
telling	7	v	said	9
telling	7	v	say	9
telling	7	v	told	9
telling	7	v	told	2
telling	7	v	told	2
telling	7	v	told	2
telling	7	v	told	2
telling	7	v	told	2
telling	7	v	said	9
telling	7	v	say	9
telling	7	v	told	9
telling	7	v	said	9
telling	7	v	say	9
telling	7	v	told	9
telling	7	v	said	9
telling	7	v	say	9
telling	7	v	told	9
telling	7	v	said	9
telling	7	v	say	9
telling	7	v	told	9
telling	7	v	told	2
telling	7	v	told	2
telling	7	v	told	2
telling	7	v	told	2
telling	7	v	told	2
telling	7	v	told	2
telling	7	v	told	2
telling	7	v	told	2
telling	7	v	told	2
telling	7	v	told	2
telling	7	v	told	2
telling	7	v	told	2
telling	7	v	told	2
telling	7	v	told	2
then	43	r	so	6
then	43	r	so	6
then	43	r	so	6
then	43	r	so	6
thing	4	n	things	14
thing	4	n	things	14
thing	4	n	things	14
thing	4	n	things	14
thing	4	n	things	14
thing	4	n	things	14
thing	4	n	things	14
thing	4	n	things	14
thing	4	n	things	14
thing	4	n	things	14
thing	4	n	things	14
thing	4	n	things	14
thing	4	n	things	14
thing	4	n	things	14
things	14	n	thing	4
things	14	n	thing	4
things	14	n	thing	4
things	14	n	thing	4
things	14	n	thing	4
things	14	n	thing	4
things	14	n	thing	4
things	14	n	thing	4
things	14	n	thing	4
things	14	n	thing	4
things	14	n	thing	4
things	14	n	thing	4
things	14	n	thing	4
things	14	n	thing	4
told	2	v	said	14
told	2	v	say	14
told	2	v	telling	14
told	2	v	said	14
told	2	v	say	14
told	2	v	telling	14
told	2	v	said	14
told	2	v	say	14
told	2	v	telling	14
told	2	v	telling	7
told	2	v	telling	7
told	2	v	telling	7
told	2	v	telling	7
told	2	v	telling	7
told	2	v	said	14
told	2	v	say	14
told	2	v	telling	14
told	2	v	said	14
told	2	v	say	14
told	2	v	telling	14
told	2	v	said	14
told	2	v	say	14
told	2	v	telling	14
told	2	v	said	14
told	2	v	say	14
told	2	v	telling	14
told	2	v	telling	7
told	2	v	telling	7
told	2	v	telling	7
told	2	v	telling	7
told	2	v	telling	7
told	2	v	telling	7
told	2	v	telling	7
told	2	v	telling	7
told	2	v	telling	7
told	2	v	telling	7
told	2	v	telling	7
told	2	v	telling	7
told	2	v	telling	7
told	2	v	telling	7
travelling	7	v	go	26
travelling	7	v	went	26
travelling	7	v	go	26
travelling	7	v	went	26
travelling	7	v	go	26
travelling	7	v	went	26
travelling	7	v	go	26
travelling	7	v	went	26
use	9	v	used	13
use	9	v	using	13
use	9	v	used	13
use	9	v	using	13
use	9	v	used	13
use	9	v	using	13
use	9	v	used	13
use	9	v	using	13
use	9	v	used	13
use	9	v	using	13
use	9	v	used	13
use	9	v	using	13
use	9	v	used	13
use	9	v	using	13
use	9	v	used	13
use	9	v	using	13
use	9	v	used	13
use	9	v	using	13
use	9	v	used	13
use	9	v	using	13
use	9	v	used	13
use	9	v	using	13
use	9	v	used	13
use	9	v	using	13
use	9	v	used	13
use	9	v	using	13
use	9	v	used	13
use	9	v	using	13
used	3	v	use	19
used	3	v	using	19
used	3	v	use	19
used	3	v	using	19
used	3	v	use	19
used	3	v	using	19
used	3	v	use	19
used	3	v	using	19
used	3	v	use	19
used	3	v	using	19
used	3	v	use	19
used	3	v	using	19
used	3	v	use	19
used	3	v	using	19
used	3	v	use	19
used	3	v	using	19
used	3	v	use	19
used	3	v	using	19
used	3	v	use	19
used	3	v	using	19
used	3	v	use	19
used	3	v	using	19
used	3	v	use	19
used	3	v	using	19
used	3	v	use	19
used	3	v	using	19
used	3	v	use	19
used	3	v	using	19
using	10	v	use	12
using	10	v	used	12
using	10	v	use	12
using	10	v	used	12
using	10	v	use	12
using	10	v	used	12
using	10	v	use	12
using	10	v	used	12
using	10	v	use	12
using	10	v	used	12
using	10	v	use	12
using	10	v	used	12
using	10	v	use	12
using	10	v	used	12
using	10	v	use	12
using	10	v	used	12
using	10	v	use	12
using	10	v	used	12
using	10	v	use	12
using	10	v	used	12
using	10	v	use	12
using	10	v	used	12
using	10	v	use	12
using	10	v	used	12
using	10	v	use	12
using	10	v	used	12
using	10	v	use	12
using	10	v	used	12
voice	12	n	voices	3
voice	12	n	voices	3
voice	12	n	voices	3
voice	12	n	voices	3
voice	12	n	voices	3
voice	12	n	voices	3
voice	12	n	voices	3
voice	12	n	voices	3
voice	12	n	voices	3
voice	12	n	voices	3
voice	12	n	voices	3
voice	12	n	voices	3
voice	12	n	voices	3
voice	12	n	voices	3
voice	12	n	voices	3
voice	12	n	voices	3
voice	12	n	voices	3
voice	12	n	voices	3
voice	12	n	voices	3
voice	12	n	voices	3
voice	12	n	voices	3
voice	12	v	voices	3
voice	12	v	voices	3
voice	12	v	voices	3
voice	12	v	voices	3
voice	12	v	voices	3
voices	3	n	voice	12
voices	3	n	voice	12
voices	3	n	voice	12
voices	3	n	voice	12
voices	3	n	voice	12
voices	3	n	voice	12
voices	3	n	voice	12
voices	3	n	voice	12
voices	3	n	voice	12
voices	3	n	voice	12
voices	3	n	voice	12
voices	3	n	voice	12
voices	3	n	voice	12
voices	3	n	voice	12
voices	3	n	voice	12
voices	3	n	voice	12
voices	3	n	voice	12
voices	3	n	voice	12
voices	3	n	voice	12
voices	3	n	voice	12
voices	3	n	voice	12
voices	3	v	voice	12
voices	3	v	voice	12
voices	3	v	voice	12
voices	3	v	voice	12
voices	3	v	voice	12
was	79	v	are	165
was	79	v	be	165
was	79	v	been	165
was	79	v	being	165
was	79	v	is	165
was	79	v	were	165
was	79	v	are	165
was	79	v	be	165
was	79	v	been	165
was	79	v	being	165
was	79	v	is	165
was	79	v	were	165
was	79	v	are	165
was	79	v	be	165
was	79	v	been	165
was	79	v	being	165
was	79	v	is	165
was	79	v	were	165
was	79	v	are	165
was	79	v	be	165
was	79	v	been	165
was	79	v	being	165
was	79	v	is	165
was	79	v	were	165
was	79	v	are	165
was	79	v	be	165
was	79	v	been	165
was	79	v	being	165
was	79	v	is	165
was	79	v	were	165
was	79	v	are	165
was	79	v	be	165
was	79	v	been	165
was	79	v	being	165
was	79	v	is	165
was	79	v	were	165
was	79	v	are	165
was	79	v	be	165
was	79	v	been	165
was	79	v	being	165
was	79	v	is	165
was	79	v	were	165
was	79	v	are	165
was	79	v	be	165
was	79	v	been	165
was	79	v	being	165
was	79	v	is	165
was	79	v	were	165
was	79	v	are	165
was	79	v	be	165
was	79	v	been	165
was	79	v	being	165
was	79	v	is	165
was	79	v	were	165
was	79	v	are	165
was	79	v	be	165
was	79	v	been	165
was	79	v	being	165
was	79	v	is	165
was	79	v	were	165
was	79	v	are	165
was	79	v	be	165
was	79	v	been	165
was	79	v	being	165
was	79	v	is	165
was	79	v	were	165
was	79	v	are	165
was	79	v	be	165
was	79	v	been	165
was	79	v	being	165
was	79	v	is	165
was	79	v	were	165
was	79	v	are	165
was	79	v	be	165
was	79	v	been	165
was	79	v	being	165
was	79	v	is	165
was	79	v	were	165
was	79	v	are	165
was	79	v	be	165
was	79	v	been	165
was	79	v	being	165
was	79	v	is	165
was	79	v	were	165
was	79	v	are	165
was	79	v	be	165
was	79	v	been	165
was	79	v	being	165
was	79	v	is	165
was	79	v	were	165
was	79	v	are	165
was	79	v	be	165
was	79	v	been	165
was	79	v	being	165
was	79	v	is	165
was	79	v	were	165
was	79	v	are	165
was	79	v	be	165
was	79	v	been	165
was	79	v	being	165
was	79	v	is	165
was	79	v	were	165
was	79	v	are	165
was	79	v	be	165
was	79	v	been	165
was	79	v	being	165
was	79	v	is	165
was	79	v	were	165
was	79	v	are	165
was	79	v	be	165
was	79	v	been	165
was	79	v	being	165
was	79	v	is	165
was	79	v	were	165
was	79	v	are	187
was	79	v	be	187
was	79	v	been	187
was	79	v	being	187
was	79	v	is	187
was	79	v	lived	187
was	79	v	living	187
was	79	v	were	187
was	79	v	are	187
was	79	v	be	187
was	79	v	been	187
was	79	v	being	187
was	79	v	is	187
was	79	v	lived	187
was	79	v	living	187
was	79	v	were	187
was	79	v	are	165
was	79	v	be	165
was	79	v	been	165
was	79	v	being	165
was	79	v	is	165
was	79	v	were	165
was	79	v	are	165
was	79	v	be	165
was	79	v	been	165
was	79	v	being	165
was	79	v	is	165
was	79	v	were	165
was	79	v	are	165
was	79	v	be	165
was	79	v	been	165
was	79	v	being	165
was	79	v	is	165
was	79	v	were	165
way	15	n	ways	16
way	15	n	ways	16
way	15	n	ways	16
way	15	n	ways	16
way	15	n	ways	16
way	15	n	ways	16
way	15	n	ways	16
way	15	n	ways	16
way	15	n	ways	16
way	15	n	ways	16
way	15	n	ways	16
way	15	n	ways	16
way	15	n	ways	16
way	15	n	ways	16
way	15	n	ways	16
way	15	n	ways	16
way	15	n	ways	16
way	15	n	ways	16
way	15	n	ways	16
way	15	n	ways	16
way	15	n	ways	16
way	15	n	ways	16
way	15	n	ways	16
ways	16	n	way	15
ways	16	n	way	15
ways	16	n	way	15
ways	16	n	way	15
ways	16	n	way	15
ways	16	n	way	15
ways	16	n	way	15
ways	16	n	way	15
ways	16	n	way	15
ways	16	n	way	15
ways	16	n	way	15
ways	16	n	way	15
ways	16	n	way	15
ways	16	n	way	15
ways	16	n	way	15
ways	16	n	way	15
ways	16	n	way	15
ways	16	n	way	15
ways	16	n	way	15
ways	16	n	way	15
ways	16	n	way	15
ways	16	n	way	15
ways	16	n	way	15
went	21	v	go	12
went	21	v	travelling	12
went	21	v	go	12
went	21	v	travelling	12
went	21	v	go	12
went	21	v	travelling	12
went	21	v	go	12
went	21	v	travelling	12
went	21	v	go	5
went	21	v	go	5
went	21	v	go	5
went	21	v	go	5
went	21	v	go	5
went	21	v	go	5
went	21	v	go	5
went	21	v	go	5
went	21	v	go	5
went	21	v	go	5
went	21	v	go	5
went	21	v	go	5
went	21	v	go	5
went	21	v	go	5
went	21	v	go	5
went	21	v	go	5
went	21	v	go	5
went	21	v	go	5
went	21	v	go	5
went	21	v	go	5
went	21	v	go	5
went	21	v	go	5
went	21	v	go	5
went	21	v	go	9
went	21	v	working	9
went	21	v	go	9
went	21	v	working	9
went	21	v	go	9
went	21	v	working	9
went	21	v	go	9
went	21	v	working	9
went	21	v	go	9
went	21	v	working	9
went	21	v	go	5
went	21	v	go	5
went	21	v	go	5
went	21	v	go	5
went	21	v	go	5
went	21	v	go	5
went	21	v	go	27
went	21	v	lived	27
went	21	v	living	27
went	21	v	go	27
went	21	v	lived	27
went	21	v	living	27
went	21	v	go	27
went	21	v	lived	27
went	21	v	living	27
went	21	v	go	27
went	21	v	lived	27
went	21	v	living	27
went	21	v	go	27
went	21	v	lived	27
went	21	v	living	27
went	21	v	go	27
went	21	v	lived	27
went	21	v	living	27
went	21	v	go	27
went	21	v	lived	27
went	21	v	living	27
went	21	v	go	27
went	21	v	lived	27
went	21	v	living	27
went	21	v	go	5
went	21	v	go	5
went	21	v	go	5
went	21	v	go	5
went	21	v	go	5
went	21	v	go	5
went	21	v	go	5
went	21	v	go	5
went	21	v	go	5
went	21	v	go	5
went	21	v	go	5
went	21	v	go	5
went	21	v	go	5
went	21	v	go	5
went	21	v	go	5
went	21	v	go	5
went	21	v	go	5
went	21	v	go	5
went	21	v	go	5
went	21	v	go	5
went	21	v	go	5
went	21	v	go	5
went	21	v	go	5
went	21	v	go	5
went	21	v	go	5
went	21	v	go	5
went	21	v	go	5
went	21	v	go	5
went	21	v	go	5
went	21	v	go	5
went	21	v	go	5
went	21	v	go	5
went	21	v	go	5
went	21	v	go	5
went	21	v	go	5
went	21	v	go	5
went	21	v	go	5
went	21	v	go	5
went	21	v	go	5
went	21	v	go	5
went	21	v	go	5
went	21	v	go	5
went	21	v	go	5
went	21	v	go	5
went	21	v	go	5
went	21	v	go	5
went	21	v	go	5
went	21	v	go	5
went	21	v	go	5
went	21	v	go	5
were	79	v	are	165
were	79	v	be	165
were	79	v	been	165
were	79	v	being	165
were	79	v	is	165
were	79	v	was	165
were	79	v	are	165
were	79	v	be	165
were	79	v	been	165
were	79	v	being	165
were	79	v	is	165
were	79	v	was	165
were	79	v	are	165
were	79	v	be	165
were	79	v	been	165
were	79	v	being	165
were	79	v	is	165
were	79	v	was	165
were	79	v	are	165
were	79	v	be	165
were	79	v	been	165
were	79	v	being	165
were	79	v	is	165
were	79	v	was	165
were	79	v	are	165
were	79	v	be	165
were	79	v	been	165
were	79	v	being	165
were	79	v	is	165
were	79	v	was	165
were	79	v	are	165
were	79	v	be	165
were	79	v	been	165
were	79	v	being	165
were	79	v	is	165
were	79	v	was	165
were	79	v	are	165
were	79	v	be	165
were	79	v	been	165
were	79	v	being	165
were	79	v	is	165
were	79	v	was	165
were	79	v	are	165
were	79	v	be	165
were	79	v	been	165
were	79	v	being	165
were	79	v	is	165
were	79	v	was	165
were	79	v	are	165
were	79	v	be	165
were	79	v	been	165
were	79	v	being	165
were	79	v	is	165
were	79	v	was	165
were	79	v	are	165
were	79	v	be	165
were	79	v	been	165
were	79	v	being	165
were	79	v	is	165
were	79	v	was	165
were	79	v	are	165
were	79	v	be	165
were	79	v	been	165
were	79	v	being	165
were	79	v	is	165
were	79	v	was	165
were	79	v	are	165
were	79	v	be	165
were	79	v	been	165
were	79	v	being	165
were	79	v	is	165
were	79	v	was	165
were	79	v	are	165
were	79	v	be	165
were	79	v	been	165
were	79	v	being	165
were	79	v	is	165
were	79	v	was	165
were	79	v	are	165
were	79	v	be	165
were	79	v	been	165
were	79	v	being	165
were	79	v	is	165
were	79	v	was	165
were	79	v	are	165
were	79	v	be	165
were	79	v	been	165
were	79	v	being	165
were	79	v	is	165
were	79	v	was	165
were	79	v	are	165
were	79	v	be	165
were	79	v	been	165
were	79	v	being	165
were	79	v	is	165
were	79	v	was	165
were	79	v	are	165
were	79	v	be	165
were	79	v	been	165
were	79	v	being	165
were	79	v	is	165
were	79	v	was	165
were	79	v	are	165
were	79	v	be	165
were	79	v	been	165
were	79	v	being	165
were	79	v	is	165
were	79	v	was	165
were	79	v	are	165
were	79	v	be	165
were	79	v	been	165
were	79	v	being	165
were	79	v	is	165
were	79	v	was	165
were	79	v	are	187
were	79	v	be	187
were	79	v	been	187
were	79	v	being	187
were	79	v	is	187
were	79	v	lived	187
were	79	v	living	187
were	79	v	was	187
were	79	v	are	187
were	79	v	be	187
were	79	v	been	187
were	79	v	being	187
were	79	v	is	187
were	79	v	lived	187
were	79	v	living	187
were	79	v	was	187
were	79	v	are	165
were	79	v	be	165
were	79	v	been	165
were	79	v	being	165
were	79	v	is	165
were	79	v	was	165
were	79	v	are	165
were	79	v	be	165
were	79	v	been	165
were	79	v	being	165
were	79	v	is	165
were	79	v	was	165
were	79	v	are	165
were	79	v	be	165
were	79	v	been	165
were	79	v	being	165
were	79	v	is	165
were	79	v	was	165
working	4	v	go	26
working	4	v	went	26
working	4	v	go	26
working	4	v	went	26
working	4	v	go	26
working	4	v	went	26
working	4	v	go	26
working	4	v	went	26
working	4	v	go	26
working	4	v	went	26
working	4	v	cultivate	27
working	4	v	cultivated	27
working	4	v	cultivating	27
working	4	v	cultivate	27
working	4	v	cultivated	27
working	4	v	cultivating	27
working	4	v	cultivate	27
working	4	v	cultivated	27
working	4	v	cultivating	27
